<keymap version="1" name="Evan IDEAVim" parent="Mac OS X 10.5+">
  <action id="AceAction">
    <keyboard-shortcut first-keystroke="ctrl semicolon" />
    <keyboard-shortcut first-keystroke="meta semicolon" />
  </action>
  <action id="AceLineAction">
    <keyboard-shortcut first-keystroke="shift ctrl semicolon" />
    <keyboard-shortcut first-keystroke="shift meta semicolon" />
  </action>
  <action id="AceTargetAction">
    <keyboard-shortcut first-keystroke="ctrl alt semicolon" />
    <keyboard-shortcut first-keystroke="meta alt semicolon" />
  </action>
  <action id="ActivateTerminalToolWindow">
    <keyboard-shortcut first-keystroke="ctrl back_quote" />
  </action>
  <action id="Annotate">
    <keyboard-shortcut first-keystroke="alt b" />
  </action>
  <action id="BaseOnThisFunction" />
  <action id="ChangesView.GroupBy.Directory" />
  <action id="CloseAllEditors">
    <keyboard-shortcut first-keystroke="ctrl q" />
  </action>
  <action id="EditorCutLineEnd" />
  <action id="EditorDown">
    <keyboard-shortcut first-keystroke="down" />
    <keyboard-shortcut first-keystroke="ctrl j" />
  </action>
  <action id="EditorLeft">
    <keyboard-shortcut first-keystroke="left" />
    <keyboard-shortcut first-keystroke="ctrl h" />
  </action>
  <action id="EditorRight">
    <keyboard-shortcut first-keystroke="right" />
    <keyboard-shortcut first-keystroke="ctrl l" />
  </action>
  <action id="EditorUp">
    <keyboard-shortcut first-keystroke="up" />
    <keyboard-shortcut first-keystroke="ctrl k" />
  </action>
  <action id="FileChooser.TogglePathShowing" />
  <action id="Macro.Run Every Test in File">
    <keyboard-shortcut first-keystroke="ctrl meta e" />
  </action>
  <action id="MoveTabRight">
    <keyboard-shortcut first-keystroke="shift meta m" />
  </action>
  <action id="PlaybackLastMacro">
    <keyboard-shortcut first-keystroke="ctrl alt m" />
  </action>
  <action id="QuickChangeScheme" />
  <action id="QuickJavaDoc">
    <keyboard-shortcut first-keystroke="f1" />
    <mouse-shortcut keystroke="control button2" />
  </action>
  <action id="ReformatWithPrettierAction">
    <keyboard-shortcut first-keystroke="ctrl alt p" />
  </action>
  <action id="RerunTests">
    <keyboard-shortcut first-keystroke="ctrl meta r" />
  </action>
  <action id="Run">
    <keyboard-shortcut first-keystroke="shift alt r" />
  </action>
  <action id="SelectInProjectView">
    <keyboard-shortcut first-keystroke="ctrl meta s" />
  </action>
  <action id="SplitHorizontally">
    <keyboard-shortcut first-keystroke="ctrl alt s" />
  </action>
  <action id="SplitVertically">
    <keyboard-shortcut first-keystroke="meta alt s" />
  </action>
  <action id="StartStopMacroRecording">
    <keyboard-shortcut first-keystroke="ctrl meta alt r" />
  </action>
  <action id="TypeHierarchy" />
  <action id="TypeHierarchyBase.BaseOnThisType" />
  <action id="Vcs.QuickListPopupAction">
    <keyboard-shortcut first-keystroke="ctrl meta v" />
  </action>
  <action id="VimPluginToggle">
    <keyboard-shortcut first-keystroke="ctrl meta alt v" />
  </action>
</keymap>