<application>
  <component name="FileTypeManager" version="17">
    <extensionMap>
      <mapping pattern="Dockerfile.*" type="Dockerfile" />
      <mapping pattern="Dockerfile_New" type="Dockerfile" />
      <mapping pattern="*.json.tpl" type="JSON" />
      <mapping pattern="brakeman.ignore" type="JSON" />
      <mapping pattern=".envrc" type="PLAIN_TEXT" />
      <mapping pattern="dockerignore" type="PLAIN_TEXT" />
      <mapping pattern=".gitkeep" type="PLAIN_TEXT" />
      <mapping pattern=".keep" type="PLAIN_TEXT" />
      <mapping pattern=".iyarc" type="PLAIN_TEXT" />
      <mapping pattern=".ruby-version" type="PLAIN_TEXT" />
      <mapping pattern=".rspec" type="PLAIN_TEXT" />
      <mapping ext="crt" type="PLAIN_TEXT" />
      <mapping ext="key" type="PLAIN_TEXT" />
      <mapping ext="disable" type="PLAIN_TEXT" />
      <removed_mapping ext="bat" approved="true" type="PLAIN_TEXT" />
      <removed_mapping ext="cmd" approved="true" type="PLAIN_TEXT" />
      <mapping pattern="setup" type="Ruby" />
      <mapping pattern="services/order_tracking/data_processor.rb" type="Ruby" />
      <mapping pattern="pre-exit" type="Shell Script" />
      <mapping pattern="environment" type="Shell Script" />
      <removed_mapping pattern="hooks/post-command" approved="true" type="Bash" />
      <removed_mapping ext="tpl" approved="true" type="JSON" />
      <removed_mapping pattern="post-command" approved="true" type="Bash" />
      <removed_mapping ext="bat" approved="true" type="PLAIN_TEXT" />
      <removed_mapping ext="log" approved="true" type="PLAIN_TEXT" />
      <removed_mapping ext="cfg" approved="true" type="PLAIN_TEXT" />
      <removed_mapping pattern=".env.development.local" approved="true" type="PLAIN_TEXT" />
      <removed_mapping ext="dockerfile" approved="true" type="textmate" />
      <removed_mapping ext="makefile" approved="true" type="textmate" />
      <removed_mapping ext="cmd" approved="true" type="PLAIN_TEXT" />
      <removed_mapping ext="snakefile" approved="true" type="textmate" />
      <mapping pattern=".buildkite/hooks/*" type="Bash" />
      <mapping pattern=".gitignore_global" type="Git file" />
      <mapping pattern="ignore" type="Git exclude file" />
      <mapping pattern="post-checkout" type="Bash" />
    </extensionMap>
  </component>
</application>