<application>
  <component name="FindSettings">
    <option name="customScope" value="All Places" />
    <option name="defaultScopeName" value="All Places" />
    <option name="SEARCH_SCOPE" value="All Places" />
    <mask>*.js,*.jsx</mask>
    <mask>factories/**/*.rb</mask>
    <mask>**/*.md</mask>
    <mask>*factory.rb</mask>
    <mask>spec/**/*.rb</mask>
    <mask>*controller.rb</mask>
    <mask>*rb</mask>
    <mask>customize*</mask>
    <mask>*.css</mask>
    <mask>*.feature</mask>
    <mask>*.js*</mask>
    <mask>*erb*</mask>
    <mask>*tsx</mask>
    <mask>*ts*</mask>
    <mask>*tf*</mask>
    <mask>*.ts*</mask>
    <mask>_spec</mask>
    <mask>*simulation.feature</mask>
    <mask>*.md</mask>
    <mask>*css*</mask>
    <mask>*.js</mask>
    <mask>*.tsx</mask>
    <mask>*.ts</mask>
    <mask>*.erb</mask>
    <mask>*.ts,*.tsx,*.js,*.jsx</mask>
    <mask>*.sh</mask>
    <mask>*.rb</mask>
    <mask>*.ts,*.tsx</mask>
    <mask>*.tf</mask>
    <mask>variables.tf</mask>
  </component>
</application>