<application>
  <component name="ActionMacroManager">
    <macro name="Run Every Test in File">
      <action id="EditorTextStart" />
      <action id="RunClass" />
      <action id="Back" />
    </macro>
    <macro name="typeofFunction">
      <action id="EditorNextWord" />
      <action id="EditorRight" />
      <typing text-keycode="84:0;89:0;80:0;69:0;79:0;70:0;32:0">typeof&amp;#x20;</typing>
      <action id="EditorNextWord" />
      <action id="EditorDelete" />
      <action id="EditorNextWordWithSelection" />
      <action id="EditorNextWordWithSelection" />
      <action id="EditorNextWordWithSelection" />
      <action id="EditorNextWordWithSelection" />
      <action id="EditorBackSpace" />
      <action id="EditorNextWord" />
      <action id="EditorNextWord" />
      <action id="EditorNextWord" />
      <action id="EditorNextWord" />
      <action id="EditorNextWord" />
      <action id="EditorRight" />
      <typing text-keycode="0:1">)</typing>
      <action id="EditorLineEnd" />
      <action id="EditorLeft" />
      <action id="EditorPreviousWordWithSelection" />
      <action id="EditorPreviousWordWithSelection" />
      <action id="EditorPreviousWordWithSelection" />
      <action id="EditorPreviousWordWithSelection" />
      <action id="EditorPreviousWordWithSelection" />
      <action id="EditorPreviousWordWithSelection" />
      <action id="EditorPreviousWordWithSelection" />
      <action id="EditorPreviousWordWithSelection" />
      <action id="EditorLeftWithSelection" />
      <typing text-keycode="66:1;69:0;0:1;0:1;70:0;85:0;78:0;67:0;84:0;73:0;79:0;78:0">Be(&quot;function</typing>
    </macro>
    <macro name="propsFix">
      <action id="EditorDelete" />
      <action id="EditorDelete" />
      <action id="EditorSelectWord" />
      <typing text-keycode="0:1">&quot;</typing>
      <action id="EditorRight" />
      <action id="EditorRight" />
      <typing text-keycode="0:1">)</typing>
      <action id="EditorNextWord" />
      <action id="EditorNextWord" />
      <action id="EditorNextWord" />
      <action id="EditorDelete" />
      <action id="EditorDelete" />
      <typing text-keycode="69:1">E</typing>
      <action id="EditorLineEnd" />
    </macro>
  </component>
</application>