<application>
  <component name="PostfixTemplatesSettings">
    <option name="providerToDisabledTemplates">
      <disabled-templates provider="builtin.js">
        <value>
          <set>
            <option value="com.intellij.lang.javascript.template.postfix.JSNotExpressionPostfixTemplate#!" />
          </set>
        </value>
      </disabled-templates>
      <disabled-templates provider="org.jetbrains.plugins.ruby.ruby.postfix.RubyPostfixTemplateProvider">
        <value>
          <set>
            <option value="org.jetbrains.plugins.ruby.ruby.postfix.RubyNotPostfixTemplate#!" />
          </set>
        </value>
      </disabled-templates>
    </option>
    <option name="shortcut" value="10" />
  </component>
</application>