<application>
  <component name="UpdatesConfigurable">
    <ignoredBuildNumbers>
      <item value="171.4694.21" />
      <item value="203.3645.12" />
      <item value="203.4203.30" />
      <item value="203.4449.23" />
      <item value="203.4818.9" />
    </ignoredBuildNumbers>
    <option name="LAST_BUILD_CHECKED" value="RM-202.7660.39" />
    <option name="LAST_TIME_CHECKED" value="1603463659870" />
    <option name="THIRD_PARTY_PLUGINS_ALLOWED" value="true" />
    <option name="UPDATE_CHANNEL_TYPE" value="eap" />
  </component>
</application>