<application>
  <component name="FindSettings">
    <option name="customScope" value="All Places" />
    <option name="defaultScopeName" value="All Places" />
    <option name="regularExpressions" value="true" />
    <option name="REGULAR_EXPRESSIONS" value="true" />
    <option name="SEARCH_SCOPE" value="All Places" />
    <option name="FILE_MASK" value="*_test.rb" />
    <mask>*.ts,*tsx,!*test*,!*.graphql*</mask>
    <mask>*erb</mask>
    <mask>*.js</mask>
    <mask>*controller.rb</mask>
    <mask>*css</mask>
    <mask>*.md</mask>
    <mask>*.rbi</mask>
    <mask>*.erb</mask>
    <mask>!*test*</mask>
    <mask>*.tsx,!*test*</mask>
    <mask>*graphql</mask>
    <mask>*.rb,!*test*,*.rake</mask>
    <mask>*.css</mask>
    <mask>*.html</mask>
    <mask>*.xml</mask>
    <mask>*.ru</mask>
    <mask>*.thor</mask>
    <mask>*.jbuilder</mask>
    <mask>*.gemspec</mask>
    <mask>*.rbw</mask>
    <mask>*.rb</mask>
    <mask>*.yml</mask>
    <mask>*.ts,*.tsx</mask>
    <mask>*.rake</mask>
    <mask>*.json</mask>
    <mask>*.graphql</mask>
    <mask>*.test.ts,*.test.tsx</mask>
    <mask>*.ts,*tsx,!*test*</mask>
    <mask>*.rb,!*test*</mask>
    <mask>*_test.rb</mask>
  </component>
</application>