<application>
  <component name="WebServers">
    <option name="servers">
      <webServer id="c32cceb2-49df-4b7f-9428-23135fb8cc41" name="spin-partners">
        <fileTransfer rootFolder="/home/spin/src/github.com/Shopify" accessType="SFTP" host="partners-fbnb.evan-brodie.us.spin.dev" port="22" sshConfigId="144ea3f7-b69c-4f6c-88a5-5a2f7bedb648" sshConfig="spin@partners-fbnb.evan-brodie.us.spin.dev:22 key" keyPair="true">
          <advancedOptions>
            <advancedOptions dataProtectionLevel="Private" keepAliveTimeout="0" passiveMode="true" shareSSLContext="true" isUseRsync="true" />
          </advancedOptions>
        </fileTransfer>
      </webServer>
      <webServer id="352d35a7-1747-46fe-a32e-5effbdda9d12" name="spin-shopify">
        <fileTransfer rootFolder="/home/spin/src/github.com/Shopify" accessType="SFTP" host="partners-fbnb.evan-brodie.us.spin.dev" port="22" sshConfigId="144ea3f7-b69c-4f6c-88a5-5a2f7bedb648" sshConfig="spin@partners-fbnb.evan-brodie.us.spin.dev:22 key" keyPair="true">
          <advancedOptions>
            <advancedOptions dataProtectionLevel="Private" keepAliveTimeout="0" passiveMode="true" shareSSLContext="true" isUseRsync="true" />
          </advancedOptions>
        </fileTransfer>
      </webServer>
      <webServer id="cb9802e4-f191-4df7-b893-3609f1934a77" name="spin-checkout-web">
        <fileTransfer rootFolder="/home/spin/src/github.com/Shopify" accessType="SFTP" host="partners-fbnb.evan-brodie.us.spin.dev" port="22" sshConfigId="144ea3f7-b69c-4f6c-88a5-5a2f7bedb648" sshConfig="spin@partners-fbnb.evan-brodie.us.spin.dev:22 key" keyPair="true">
          <advancedOptions>
            <advancedOptions dataProtectionLevel="Private" keepAliveTimeout="0" passiveMode="true" shareSSLContext="true" isUseRsync="true" />
          </advancedOptions>
        </fileTransfer>
      </webServer>
    </option>
  </component>
</application>