<application>
  <component name="FeatureSuggesterSettings">
    <option name="workingDays">
      <list>
        <option value="1649256760792" />
        <option value="1650298302671" />
        <option value="1650379926401" />
        <option value="1650461461049" />
        <option value="1650549468641" />
        <option value="1650644700716" />
        <option value="1650894982457" />
        <option value="1650980955767" />
        <option value="1651069835430" />
        <option value="1651155268522" />
        <option value="1651240024383" />
        <option value="1651506066348" />
        <option value="1651586769529" />
        <option value="1651682769845" />
        <option value="1651752254271" />
        <option value="1651868251857" />
        <option value="1652111496738" />
        <option value="1652187925616" />
        <option value="1657636849413" />
      </list>
    </option>
  </component>
</application>