<application>
  <component name="FileTypeManager" version="18">
    <extensionMap>
      <mapping pattern="update" type="AUTO_DETECTED" />
      <mapping pattern="count-all-shops" type="AUTO_DETECTED" />
      <mapping pattern=".env.sample" type="PLAIN_TEXT" />
      <mapping pattern=".env" type="PLAIN_TEXT" />
      <mapping ext="br" type="PLAIN_TEXT" />
      <removed_mapping ext="graphqlconfig" approved="true" type="JSON" />
      <removed_mapping ext="ignore" approved="true" type="IgnoreLang file" />
    </extensionMap>
  </component>
</application>