<application>
  <component name="NodeJsLocalInterpreterManager">
    <local-interpreter path="/opt/homebrew/bin/node" />
    <local-interpreter path="$USER_HOME$/.nvm/versions/node/v16.13.1/bin/node" />
    <local-interpreter path="$USER_HOME$/.nvm/versions/node/v16.13.0/bin/node">
      <version-cache version="16.13.0" last-modified="1635244631000" />
    </local-interpreter>
    <local-interpreter path="$USER_HOME$/.nvm/versions/node/v16.10.0/bin/node">
      <version-cache version="16.10.0" last-modified="1632333716000" />
    </local-interpreter>
  </component>
</application>